Timestamp,"SECTION A: DEMOGRAPHICS

Gender ",Age,Staff category,Years of service at Achievers University ,Employee development initiatives have improved the overall efficiency of the university,"Staff engagement and motivation have increased as a result of training, mentoring, and promotions.","
Teaching quality, research output, and administrative efficiency have improved due to employee development initiatives.","
Organisational productivity at Achievers University has improved over the past few years.","
Employee development initiatives are critical for the long-term success of the university.","
I have access to relevant training programs that improve my professional skills.","

The training programs I attend are aligned with my job responsibilities.","
Participation in skill enhancement programs has improved my work efficiency.","
Skill development initiatives have positively influenced my teaching/research/administrative performance.",The university regularly evaluates the effectiveness of training programs.,"
I have a mentor who provides guidance relevant to my job responsibilities.","Mentoring has helped me understand university policies, culture, and expectations.",Mentoring improves my problem-solving and decision-making skills.,Mentoring positively impacts my motivation and job satisfaction.,The mentoring program is structured and consistently monitored for effectiveness.,The criteria for promotion in this institution are clear and transparent.,I am motivated to improve my performance because promotion opportunities exist.,"Promotions are fairly granted based on merit, performance, and achievements.",Promotion opportunities have encouraged me to develop my skills and competencies.,"
The promotion system contributes to overall organisationalproductivity."
2026/03/30 10:11:09 AM GMT+1,Female,20-29,Teaching,Less than 5 years,Agree,Agree,Agree,Agree,Agree,Agree,Strongly agree,Strongly agree,Agree,Agree,Agree,Agree,Agree,Agree,Agree,Agree,Agree,Agree,Agree,Agree
2026/03/30 10:47:22 AM GMT+1,Male,40-49,Teaching,Less than 5 years,Strongly agree,Agree,Agree,Agree,Strongly agree,Agree,Agree,Agree,Agree,Agree,Agree,Agree,Agree,Agree,Agree,Agree,Strongly agree,Agree,Agree,Agree
2026/03/30 11:00:39 AM GMT+1,Female,20-29,Teaching,Less than 5 years,Agree,Agree,Disagree,Agree,Agree,Agree,Agree,Strongly agree,Strongly agree,Strongly agree,Neutral,Strongly agree,Agree,Strongly agree,Neutral,Agree,Strongly agree,Strongly agree,Agree,Strongly agree
2026/04/07 6:54:40 PM GMT+1,Female,40-49,Non teaching,16 years and above,Strongly agree,Agree,Agree,Strongly agree,Agree,Strongly agree,Agree,Strongly agree,Agree,Agree,Strongly agree,Strongly agree,Strongly agree,Strongly agree,Agree,Neutral,Agree,Agree,Agree,Agree
2026/04/07 8:44:11 PM GMT+1,Female,20-29,Non teaching,Less than 5 years,Strongly agree,Strongly agree,Agree,Agree,Agree,Agree,Strongly agree,Strongly agree,Strongly agree,Strongly agree,Strongly agree,Strongly agree,Strongly agree,Strongly agree,Strongly agree,Strongly agree,Strongly agree,Strongly agree,Strongly agree,Strongly agree
2026/04/08 9:20:07 AM GMT+1,Female,20-29,Non teaching,Less than 5 years,Agree,Agree,Agree,Agree,Agree,Agree,Agree,Agree,Agree,Agree,Agree,Agree,Agree,Agree,Agree,Agree,Agree,Agree,Agree,Agree
2026/04/08 9:21:23 AM GMT+1,Male,20-29,Teaching,Less than 5 years,Agree,Agree,Agree,Agree,Agree,Agree,Agree,Agree,Agree,Agree,Agree,Agree,Agree,Agree,Agree,Agree,Agree,Agree,Agree,Agree
2026/04/08 9:22:23 AM GMT+1,Female,30-39,Non teaching,5-10 years,Agree,Agree,Agree,Agree,Agree,Agree,Agree,Agree,Agree,Agree,Agree,Agree,Agree,Agree,Agree,Agree,Agree,Agree,Agree,Agree
2026/04/08 9:49:45 AM GMT+1,Female,20-29,Non teaching,Less than 5 years,Agree,Neutral,Neutral,Agree,Strongly agree,Neutral,Neutral,Agree,Agree,Neutral,Agree,Agree,Neutral,Agree,Neutral,Agree,Agree,Neutral,Agree,Neutral
2026/04/08 12:04:30 PM GMT+1,Female,20-29,Non teaching,5-10 years,Strongly agree,Strongly agree,Strongly agree,Strongly agree,Strongly agree,Agree,Strongly agree,Strongly agree,Strongly agree,Strongly agree,Agree,Strongly agree,Strongly agree,Strongly agree,Strongly agree,Strongly agree,Strongly agree,Strongly agree,Strongly agree,Strongly agree
2026/04/08 7:19:54 PM GMT+1,Female,50 and above,Teaching,16 years and above,Agree,Agree,Neutral,Strongly agree,Agree,Agree,Strongly agree,Strongly agree,Strongly agree,Agree,Agree,Agree,Strongly agree,Strongly agree,Agree,Agree,Strongly agree,Neutral,Strongly agree,Agree
2026/04/09 8:09:08 AM GMT+1,Female,20-29,Non teaching,Less than 5 years,Agree,Agree,Agree,Agree,Neutral,Agree,Agree,Agree,Neutral,Agree,Neutral,Agree,Agree,Agree,Agree,Neutral,Agree,Neutral,Agree,Agree
2026/04/11 9:46:17 PM GMT+1,Female,20-29,Non teaching,Less than 5 years,Agree,Agree,Strongly agree,Strongly agree,Agree,Agree,Strongly agree,Agree,Strongly agree,Agree,Strongly agree,Agree,Agree,Agree,Agree,Agree,Strongly agree,Strongly agree,Strongly agree,Agree
2026/04/12 7:51:43 PM GMT+1,Female,30-39,Teaching,Less than 5 years,Agree,Agree,Strongly agree,Agree,Agree,Neutral,Agree,Strongly agree,Agree,Agree,Agree,Strongly agree,Strongly agree,Agree,Agree,Neutral,Agree,Strongly agree,Agree,Strongly agree
2026/04/14 10:38:11 AM GMT+1,Female,20-29,Teaching,5-10 years,Agree,Strongly agree,Agree,Strongly agree,Agree,Strongly agree,Agree,Agree,Strongly agree,Strongly agree,Strongly agree,Agree,Agree,Agree,Strongly agree,Agree,Strongly agree,Strongly agree,Strongly agree,Agree
2026/04/14 10:52:05 AM GMT+1,Female,20-29,Non teaching,Less than 5 years,Neutral,Neutral,Neutral,Neutral,Neutral,Neutral,Neutral,Neutral,Neutral,Neutral,Neutral,Neutral,Neutral,Neutral,Neutral,Neutral,Neutral,Neutral,Neutral,Neutral
2026/04/14 11:00:27 AM GMT+1,Female,20-29,Non teaching,Less than 5 years,Strongly agree,Agree,Agree,Strongly agree,Strongly agree,Disagree,Agree,Disagree,Disagree,Agree,Disagree,Disagree,Agree,Agree,Agree,Neutral,Agree,Agree,Agree,Agree
2026/04/14 11:10:47 AM GMT+1,Female,20-29,Non teaching,Less than 5 years,Neutral,Neutral,Neutral,Neutral,Neutral,Neutral,Neutral,Neutral,Neutral,Neutral,Neutral,Neutral,Neutral,Neutral,Neutral,Neutral,Neutral,Neutral,Neutral,Neutral
2026/04/14 11:24:14 AM GMT+1,Male,20-29,Teaching,Less than 5 years,Agree,Agree,Agree,Agree,Strongly agree,Agree,Agree,Agree,Agree,Agree,Agree,Agree,Strongly agree,Agree,Neutral,Neutral,Agree,Neutral,Agree,Agree
2026/04/14 12:31:54 PM GMT+1,Female,20-29,Non teaching,Less than 5 years,Neutral,Agree,Agree,Agree,Agree,Disagree,Disagree,Disagree,Neutral,Agree,Agree,Strongly agree,Agree,Agree,Neutral,Strongly agree,Agree,Agree,Agree,Strongly agree
2026/04/14 12:42:01 PM GMT+1,Female,20-29,Non teaching,Less than 5 years,Agree,Agree,Agree,Agree,Agree,Agree,Agree,Agree,Agree,Agree,Agree,Agree,Agree,Agree,Agree,Agree,Agree,Agree,Agree,Agree
2026/04/14 12:50:54 PM GMT+1,Female,20-29,Non teaching,Less than 5 years,Strongly agree,Strongly agree,Strongly agree,Strongly agree,Strongly agree,Agree,Agree,Agree,Strongly agree,Strongly agree,Agree,Strongly agree,Agree,Strongly agree,Strongly agree,Strongly agree,Agree,Agree,Strongly agree,Strongly agree
2026/04/14 12:55:02 PM GMT+1,Female,20-29,Teaching,Less than 5 years,Agree,Agree,Neutral,Agree,Strongly agree,Neutral,Agree,Agree,Agree,Strongly agree,Neutral,Agree,Neutral,Agree,Strongly agree,Agree,Neutral,Neutral,Agree,Agree
2026/04/14 12:55:33 PM GMT+1,Male,20-29,Non teaching,Less than 5 years,Neutral,Agree,Agree,Agree,Agree,Neutral,Strongly agree,Strongly agree,Strongly agree,Strongly agree,Agree,Strongly agree,Strongly agree,Strongly agree,Strongly agree,Neutral,Agree,Agree,Agree,Agree
2026/04/14 1:10:27 PM GMT+1,Male,20-29,Non teaching,Less than 5 years,Agree,Agree,Strongly agree,Neutral,Strongly agree,Disagree,Neutral,Neutral,Neutral,Agree,Agree,Neutral,Agree,Agree,Agree,Strongly agree,Strongly agree,Neutral,Disagree,Agree
2026/04/14 4:37:03 PM GMT+1,Female,20-29,Non teaching,Less than 5 years,Agree,Agree,Agree,Agree,Agree,Neutral,Agree,Agree,Neutral,Agree,Agree,Agree,Agree,Agree,Agree,Agree,Neutral,Agree,Agree,Neutral
2026/04/14 6:20:38 PM GMT+1,Female,20-29,Non teaching,Less than 5 years,Agree,Agree,Agree,Agree,Agree,Disagree,Disagree,Disagree,Disagree,Disagree,Neutral,Agree,Agree,Neutral,Neutral,Neutral,Neutral,Agree,Agree,Neutral
2026/04/14 6:40:53 PM GMT+1,Female,20-29,Non teaching,Less than 5 years,Agree,Strongly agree,Strongly agree,Strongly agree,Agree,Strongly agree,Agree,Agree,Strongly agree,Agree,Agree,Strongly agree,Agree,Agree,Strongly agree,Strongly agree,Agree,Strongly agree,Agree,Agree
2026/04/14 7:07:45 PM GMT+1,Female,20-29,Non teaching,Less than 5 years,Agree,Agree,Agree,Agree,Agree,Agree,Agree,Agree,Agree,Agree,Agree,Agree,Agree,Agree,Agree,Agree,Agree,Agree,Agree,Agree
2026/04/14 8:54:21 PM GMT+1,Female,20-29,Non teaching,Less than 5 years,Neutral,Disagree,Disagree,Agree,Agree,Disagree,Disagree,Disagree,Disagree,Neutral,Disagree,Disagree,Disagree,Disagree,Disagree,Neutral,Neutral,Neutral,Neutral,Neutral
2026/04/14 9:58:42 PM GMT+1,Female,20-29,Non teaching,Less than 5 years,Strongly agree,Strongly agree,Strongly agree,Strongly agree,Strongly agree,Strongly agree,Strongly agree,Strongly agree,Strongly agree,Strongly agree,Strongly agree,Strongly agree,Strongly agree,Strongly agree,Strongly agree,Strongly agree,Strongly agree,Strongly agree,Strongly agree,Strongly agree
2026/04/14 10:34:17 PM GMT+1,Male,30-39,Non teaching,Less than 5 years,Neutral,Agree,Agree,Agree,Agree,Neutral,Neutral,Agree,Agree,Agree,Agree,Neutral,Agree,Agree,Neutral,Agree,Strongly agree,Strongly agree,Agree,Agree
2026/04/15 7:11:01 AM GMT+1,Female,20-29,Non teaching,5-10 years,Agree,Agree,Agree,Agree,Neutral,Agree,Strongly agree,Strongly agree,Agree,Agree,Agree,Strongly agree,Agree,Agree,Agree,Strongly agree,Agree,Agree,Agree,Agree
2026/04/15 10:03:09 AM GMT+1,Female,30-39,Non teaching,5-10 years,Agree,Agree,Agree,Agree,Strongly agree,Agree,Agree,Strongly agree,Strongly agree,Agree,Agree,Strongly agree,Agree,Strongly agree,Strongly agree,Disagree,Disagree,Disagree,Neutral,Strongly agree
2026/04/15 12:52:45 PM GMT+1,Female,20-29,Non teaching,Less than 5 years,Strongly agree,Agree,Strongly agree,Disagree,Strongly agree,Neutral,Strongly agree,Agree,Agree,Agree,Agree,Agree,Neutral,Strongly agree,Strongly agree,Agree,Agree,Strongly agree,Neutral,Strongly agree
2026/04/15 1:47:44 PM GMT+1,Male,20-29,Non teaching,Less than 5 years,Strongly agree,Strongly agree,Strongly agree,Strongly agree,Strongly agree,Strongly agree,Strongly agree,Strongly agree,Strongly agree,Strongly agree,Strongly agree,Strongly agree,Strongly agree,Strongly agree,Strongly agree,Strongly agree,Strongly agree,Strongly agree,Strongly agree,Strongly agree
2026/04/15 1:50:01 PM GMT+1,Female,20-29,Non teaching,Less than 5 years,Agree,Strongly agree,Agree,Neutral,Neutral,Agree,Agree,Strongly agree,Neutral,Strongly disagree,Agree,Agree,Strongly agree,Neutral,Strongly agree,Strongly agree,Strongly agree,Disagree,Neutral,Neutral
2026/04/16 12:47:43 AM GMT+1,Male,20-29,Non teaching,Less than 5 years,Agree,Agree,Agree,Agree,Agree,Neutral,Agree,Agree,Agree,Neutral,Disagree,Agree,Agree,Agree,Disagree,Neutral,Agree,Neutral,Agree,Agree
2026/04/16 4:39:55 PM GMT+1,Female,30-39,Teaching,Less than 5 years,Strongly agree,Strongly agree,Neutral,Agree,Agree,Neutral,Strongly agree,Agree,Disagree,Strongly agree,Strongly agree,Strongly agree,Neutral,Strongly agree,Strongly agree,Disagree,Agree,Strongly disagree,Strongly agree,Agree
2026/04/17 11:50:14 AM GMT+1,Female,20-29,Non teaching,5-10 years,Strongly agree,Agree,Agree,Neutral,Disagree,Agree,Agree,Agree,Agree,Neutral,Disagree,Strongly agree,Strongly agree,Strongly agree,Strongly agree,Strongly agree,Agree,Strongly agree,Agree,Agree
2026/04/21 6:58:56 PM GMT+1,Female,20-29,Non teaching,Less than 5 years,Agree,Agree,Agree,Agree,Agree,Agree,Agree,Agree,Agree,Agree,Agree,Agree,Agree,Agree,Agree,Agree,Agree,Agree,Agree,Agree
2026/04/21 7:03:29 PM GMT+1,Female,20-29,Non teaching,Less than 5 years,Neutral,Neutral,Neutral,Neutral,Neutral,Neutral,Neutral,Neutral,Neutral,Neutral,Agree,Agree,Neutral,Agree,Agree,Neutral,Agree,Agree,Agree,Agree
2026/04/21 7:03:47 PM GMT+1,Male,20-29,Non teaching,Less than 5 years,Agree,Strongly agree,Agree,Agree,Agree,Neutral,Strongly agree,Agree,Agree,Neutral,Agree,Agree,Strongly agree,Strongly agree,Strongly agree,Neutral,Agree,Neutral,Agree,Agree
2026/04/21 7:04:23 PM GMT+1,Female,20-29,Non teaching,Less than 5 years,Agree,Neutral,Agree,Strongly agree,Agree,Strongly agree,Strongly agree,Agree,Neutral,Agree,Disagree,Agree,Agree,Agree,Neutral,Strongly agree,Agree,Agree,Agree,Agree
2026/04/21 7:07:03 PM GMT+1,Female,20-29,Teaching,Less than 5 years,Strongly agree,Agree,Neutral,Agree,Neutral,Agree,Agree,Neutral,Neutral,Neutral,Agree,Neutral,Neutral,Neutral,Neutral,Strongly agree,Disagree,Strongly agree,Agree,Neutral
2026/04/21 7:08:20 PM GMT+1,Male,40-49,Non teaching,5-10 years,Neutral,Neutral,Disagree,Agree,Neutral,Strongly agree,Disagree,Agree,Neutral,Agree,Disagree,Neutral,Agree,Neutral,Strongly agree,Neutral,Agree,Disagree,Agree,Agree
2026/04/21 7:10:15 PM GMT+1,Female,30-39,Teaching,5-10 years,Agree,Disagree,Neutral,Agree,Disagree,Neutral,Neutral,Neutral,Agree,Neutral,Agree,Agree,Neutral,Neutral,Agree,Agree,Agree,Neutral,Agree,Disagree
2026/04/21 7:14:03 PM GMT+1,Male,20-29,Non teaching,Less than 5 years,Strongly agree,Strongly agree,Strongly agree,Strongly agree,Strongly agree,Agree,Agree,Strongly agree,Strongly agree,Strongly agree,Strongly agree,Strongly agree,Strongly agree,Agree,Agree,Agree,Agree,Agree,Strongly agree,Strongly agree
2026/04/21 7:20:49 PM GMT+1,Female,20-29,Non teaching,Less than 5 years,Agree,Agree,Agree,Agree,Agree,Agree,Agree,Agree,Agree,Agree,Agree,Agree,Neutral,Agree,Agree,Agree,Agree,Agree,Agree,Agree
2026/04/21 7:28:27 PM GMT+1,Male,20-29,Non teaching,Less than 5 years,Agree,Neutral,Neutral,Agree,Neutral,Neutral,Neutral,Agree,Agree,Neutral,Neutral,Neutral,Agree,Agree,Neutral,Agree,Agree,Strongly agree,Agree,Agree
2026/04/21 7:31:01 PM GMT+1,Male,20-29,Non teaching,5-10 years,Strongly agree,Strongly agree,Strongly agree,Strongly agree,Strongly agree,Agree,Agree,Strongly agree,Strongly agree,Agree,Strongly agree,Agree,Strongly agree,Agree,Agree,Strongly agree,Strongly agree,Strongly agree,Strongly agree,Strongly agree
2026/04/21 8:57:19 PM GMT+1,Female,20-29,Non teaching,Less than 5 years,Neutral,Neutral,Neutral,Neutral,Neutral,Neutral,Neutral,Neutral,Neutral,Neutral,Neutral,Neutral,Neutral,Neutral,Neutral,Neutral,Neutral,Neutral,Neutral,Neutral
2026/04/21 9:39:14 PM GMT+1,Female,20-29,Non teaching,Less than 5 years,Neutral,Agree,Agree,Agree,Strongly agree,Agree,Agree,Agree,Neutral,Neutral,Neutral,Agree,Agree,Strongly agree,Strongly agree,Agree,Neutral,Agree,Agree,Disagree
2026/04/21 10:05:29 PM GMT+1,Female,20-29,Non teaching,Less than 5 years,Strongly agree,Strongly agree,Agree,Agree,Agree,Disagree,Agree,Neutral,Agree,Disagree,Disagree,Disagree,Disagree,Disagree,Disagree,Agree,Neutral,Neutral,Agree,Neutral
2026/04/21 11:19:22 PM GMT+1,Male,20-29,Non teaching,Less than 5 years,Strongly agree,Strongly agree,Strongly agree,Strongly agree,Agree,Strongly agree,Strongly agree,Strongly agree,Strongly agree,Strongly agree,Strongly agree,Strongly agree,Strongly agree,Agree,Agree,Agree,Agree,Agree,Agree,Agree
2026/04/21 11:20:19 PM GMT+1,Female,20-29,Non teaching,Less than 5 years,Agree,Agree,Agree,Agree,Agree,Neutral,Neutral,Agree,Agree,Agree,Agree,Strongly agree,Strongly agree,Strongly agree,Strongly agree,Agree,Agree,Agree,Agree,Agree
2026/04/21 11:52:55 PM GMT+1,Female,20-29,Non teaching,Less than 5 years,Agree,Agree,Agree,Agree,Agree,Agree,Agree,Agree,Agree,Agree,Agree,Agree,Agree,Agree,Agree,Agree,Agree,Agree,Agree,Agree
2026/04/22 9:23:20 AM GMT+1,Female,20-29,Non teaching,Less than 5 years,Agree,Agree,Agree,Disagree,Agree,Strongly Disagree,Strongly Disagree,Agree,Agree,Strongly disagree,Strongly disagree,Strongly disagree,Strongly disagree,Agree,Agree,Agree,Agree,Agree,Agree,Agree
2026/04/22 10:46:37 AM GMT+1,Female,20-29,Non teaching,Less than 5 years,Neutral,Agree,Agree,Neutral,Neutral,Agree,Agree,Agree,Neutral,Agree,Agree,Agree,Agree,Agree,Agree,Agree,Agree,Agree,Agree,Agree
2026/04/22 10:47:00 AM GMT+1,Female,20-29,Non teaching,Less than 5 years,Agree,Agree,Agree,Agree,Agree,Agree,Agree,Agree,Agree,Agree,Agree,Agree,Agree,Agree,Agree,Agree,Agree,Agree,Agree,Agree
2026/04/22 2:11:13 PM GMT+1,Male,30-39,Non teaching,Less than 5 years,Agree,Agree,Agree,Agree,Agree,Agree,Agree,Agree,Agree,Agree,Agree,Agree,Agree,Agree,Agree,Agree,Agree,Agree,Agree,Agree
2026/04/22 2:15:50 PM GMT+1,Male,50 and above,Non teaching,11-15 years,Agree,Agree,Agree,Neutral,Strongly agree,Agree,Strongly agree,Agree,Strongly agree,Neutral,Disagree,Neutral,Neutral,Agree,Agree,Agree,Agree,Agree,Agree,Strongly agree
2026/04/22 2:33:54 PM GMT+1,Male,50 and above,Teaching,5-10 years,Strongly agree,Strongly agree,Strongly agree,Strongly agree,Strongly agree,Strongly agree,Strongly agree,Strongly agree,Strongly agree,Strongly agree,Strongly agree,Strongly agree,Strongly agree,Strongly agree,Strongly agree,Strongly agree,Strongly agree,Strongly agree,Strongly agree,Strongly agree
2026/04/22 3:48:26 PM GMT+1,Male,20-29,Teaching,5-10 years,Agree,Agree,Strongly agree,Agree,Strongly agree,Strongly agree,Agree,Strongly agree,Agree,Agree,Agree,Disagree,Disagree,Disagree,Neutral,Agree,Agree,Agree,Agree,Agree
2026/04/22 4:52:39 PM GMT+1,Male,30-39,Non teaching,11-15 years,Agree,Agree,Neutral,Agree,Neutral,Agree,Agree,Agree,Agree,Agree,Neutral,Agree,Agree,Agree,Agree,Strongly agree,Agree,Agree,Agree,Agree
2026/04/22 6:39:20 PM GMT+1,Female,20-29,Non teaching,Less than 5 years,Strongly agree,Strongly agree,Strongly agree,Strongly agree,Strongly agree,Disagree,Disagree,Strongly agree,Strongly agree,Strongly agree,Neutral,Neutral,Neutral,Neutral,Neutral,Neutral,Neutral,Agree,Agree,Agree
2026/04/24 7:16:19 PM GMT+1,Female,20-29,Non teaching,Less than 5 years,Agree,Agree,Neutral,Agree,Agree,Agree,Agree,Neutral,Agree,Agree,Agree,Agree,Agree,Agree,Agree,Agree,Agree,Agree,Neutral,Neutral
2026/04/24 7:43:03 PM GMT+1,Female,20-29,Non teaching,Less than 5 years,Neutral,Agree,Strongly agree,Agree,Neutral,Strongly agree,Strongly agree,Strongly agree,Agree,Neutral,Agree,Agree,Agree,Agree,Agree,Neutral,Agree,Strongly agree,Agree,Strongly agree
2026/04/24 10:05:29 PM GMT+1,Male,20-29,Teaching,Less than 5 years,Strongly agree,Strongly agree,Strongly agree,Strongly agree,Agree,Strongly agree,Agree,Disagree,Strongly disagree,Strongly disagree,Strongly agree,Strongly agree,Strongly agree,Strongly agree,Strongly agree,Strongly agree,Strongly agree,Strongly agree,Strongly agree,Strongly agree
2026/04/25 4:11:59 AM GMT+1,Female,20-29,Teaching,Less than 5 years,Agree,Strongly agree,Strongly agree,Agree,Agree,Strongly agree,Strongly agree,Agree,Agree,Strongly agree,Strongly agree,Agree,Agree,Strongly agree,Strongly agree,Agree,Agree,Disagree,Disagree,Disagree
2026/04/26 5:46:57 PM GMT+1,Female,20-29,Non teaching,Less than 5 years,Agree,Agree,Agree,Neutral,Agree,Neutral,Neutral,Agree,Agree,Neutral,Neutral,Neutral,Agree,Agree,Neutral,Neutral,Agree,Neutral,Agree,Agree
2026/04/26 8:10:12 PM GMT+1,Male,20-29,Non teaching,Less than 5 years,Neutral,Neutral,Neutral,Neutral,Neutral,Neutral,Neutral,Neutral,Neutral,Neutral,Neutral,Neutral,Neutral,Neutral,Neutral,Neutral,Neutral,Neutral,Neutral,Neutral
2026/04/28 6:46:39 AM GMT+1,Female,30-39,Non teaching,5-10 years,Agree,Agree,Disagree,Neutral,Agree,Neutral,Agree,Strongly agree,Agree,Neutral,Neutral,Agree,Agree,Strongly agree,Agree,Neutral,Agree,Neutral,Agree,Neutral
2026/04/28 6:49:10 AM GMT+1,Male,40-49,Teaching,Less than 5 years,Agree,Agree,Neutral,Agree,Neutral,Neutral,Strongly agree,Agree,Neutral,Strongly agree,Disagree,Agree,Strongly agree,Disagree,Disagree,Agree,Strongly agree,Agree,Agree,Neutral
2026/04/28 6:53:42 AM GMT+1,Male,30-39,Non teaching,11-15 years,Strongly agree,Agree,Agree,Agree,Agree,Agree,Strongly agree,Agree,Strongly agree,Neutral,Agree,Agree,Agree,Agree,Strongly agree,Agree,Strongly agree,Neutral,Neutral,Strongly agree
2026/04/29 8:43:37 AM GMT+1,Female,20-29,Non teaching,Less than 5 years,Agree,Strongly agree,Agree,Agree,Neutral,Neutral,Neutral,Strongly agree,Agree,Agree,Strongly agree,Strongly agree,Strongly agree,Strongly agree,Strongly agree,Neutral,Agree,Strongly agree,Strongly agree,Strongly agree
2026/05/01 11:57:05 AM GMT+1,Male,20-29,Non teaching,Less than 5 years,Strongly agree,Strongly agree,Agree,Neutral,Agree,Agree,Agree,Agree,Neutral,Disagree,Agree,Disagree,Agree,Strongly agree,Agree,Neutral,Disagree,Strongly agree,Neutral,Strongly agree
2026/05/01 5:45:57 PM GMT+1,Female,20-29,Non teaching,Less than 5 years,Neutral,Neutral,Neutral,Neutral,Neutral,Neutral,Neutral,Neutral,Neutral,Neutral,Neutral,Neutral,Neutral,Neutral,Neutral,Neutral,Neutral,Neutral,Neutral,Neutral
2026/05/07 8:23:29 AM GMT+1,Male,30-39,Non teaching,5-10 years,Agree,Agree,Agree,Agree,Agree,Neutral,Neutral,Agree,Agree,Neutral,Agree,Neutral,Strongly agree,Neutral,Agree,Agree,Agree,Neutral,Neutral,Agree
2026/05/07 8:25:32 AM GMT+1,Female,40-49,Teaching,11-15 years,Agree,Agree,Agree,Agree,Agree,Agree,Agree,Agree,Agree,Agree,Agree,Agree,Agree,Agree,Agree,Agree,Agree,Agree,Agree,Agree
2026/07/24 07:41:00 PM GMT+1,Female,20-29,Non teaching,5-10 years,Agree,Strongly agree,Strongly agree,Agree,Neutral,Neutral,Disagree,Strongly agree,Agree,Strongly agree,Strongly disagree,Strongly agree,Strongly agree,Neutral,Neutral,Neutral,Agree,Agree,Agree,Agree
2026/05/10 01:13:00 AM GMT+1,Female,30-39,Teaching,16 years and above,Agree,Neutral,Agree,Agree,Agree,Strongly agree,Neutral,Agree,Agree,Strongly disagree,Agree,Neutral,Disagree,Strongly agree,Strongly agree,Strongly agree,Agree,Disagree,Agree,Agree
2026/04/05 04:51:00 AM GMT+1,Female,20-29,Teaching,Less than 5 years,Disagree,Agree,Strongly disagree,Strongly agree,Agree,Agree,Agree,Agree,Agree,Neutral,Strongly agree,Strongly agree,Strongly agree,Strongly agree,Agree,Strongly agree,Disagree,Neutral,Strongly disagree,Agree
2026/07/10 02:07:00 PM GMT+1,Female,30-39,Non teaching,5-10 years,Agree,Agree,Strongly agree,Agree,Agree,Agree,Neutral,Strongly agree,Disagree,Strongly agree,Strongly agree,Neutral,Strongly disagree,Strongly agree,Strongly agree,Strongly agree,Strongly agree,Disagree,Agree,Disagree
2026/06/20 04:37:00 AM GMT+1,Male,40-49,Teaching,5-10 years,Strongly agree,Agree,Agree,Disagree,Agree,Agree,Strongly agree,Agree,Strongly agree,Agree,Disagree,Strongly agree,Strongly agree,Agree,Strongly agree,Agree,Agree,Agree,Strongly disagree,Disagree
2026/08/04 12:13:00 PM GMT+1,Male,20-29,Teaching,5-10 years,Strongly disagree,Agree,Agree,Agree,Strongly agree,Neutral,Agree,Strongly agree,Neutral,Disagree,Agree,Neutral,Strongly agree,Strongly agree,Agree,Strongly agree,Strongly agree,Neutral,Strongly agree,Agree
2026/05/30 04:36:00 PM GMT+1,Female,20-29,Teaching,11-15 years,Strongly agree,Strongly agree,Agree,Disagree,Neutral,Agree,Strongly agree,Strongly agree,Strongly disagree,Agree,Agree,Neutral,Disagree,Agree,Strongly agree,Agree,Agree,Strongly agree,Agree,Strongly agree
2026/06/01 12:45:00 AM GMT+1,Male,40-49,Non teaching,Less than 5 years,Strongly agree,Agree,Agree,Agree,Agree,Strongly disagree,Agree,Agree,Disagree,Agree,Strongly agree,Neutral,Neutral,Agree,Strongly agree,Neutral,Agree,Strongly agree,Neutral,Strongly agree
2026/06/07 07:50:00 AM GMT+1,Female,30-39,Non teaching,5-10 years,Agree,Agree,Agree,Agree,Disagree,Strongly agree,Agree,Neutral,Strongly disagree,Agree,Agree,Strongly disagree,Agree,Neutral,Agree,Neutral,Agree,Agree,Strongly agree,Neutral
2026/08/05 04:19:00 PM GMT+1,Female,20-29,Teaching,11-15 years,Agree,Disagree,Strongly agree,Strongly agree,Agree,Agree,Strongly agree,Agree,Agree,Neutral,Disagree,Strongly agree,Strongly agree,Agree,Agree,Agree,Strongly agree,Strongly agree,Strongly agree,Strongly agree
2026/04/13 10:36:00 PM GMT+1,Female,40-49,Non teaching,11-15 years,Agree,Disagree,Neutral,Strongly agree,Agree,Strongly disagree,Disagree,Agree,Strongly disagree,Neutral,Agree,Agree,Agree,Neutral,Strongly agree,Neutral,Agree,Strongly agree,Agree,Strongly agree
2026/06/20 10:58:00 PM GMT+1,Male,20-29,Non teaching,5-10 years,Agree,Agree,Disagree,Agree,Agree,Neutral,Strongly agree,Agree,Strongly agree,Agree,Strongly agree,Agree,Agree,Agree,Neutral,Strongly agree,Agree,Strongly disagree,Agree,Neutral
2026/07/30 10:02:00 AM GMT+1,Male,30-39,Teaching,5-10 years,Strongly agree,Strongly agree,Strongly agree,Agree,Strongly disagree,Strongly agree,Agree,Strongly agree,Strongly agree,Strongly agree,Agree,Agree,Strongly agree,Agree,Neutral,Agree,Strongly agree,Agree,Agree,Disagree
2026/07/05 03:41:00 PM GMT+1,Female,20-29,Non teaching,11-15 years,Agree,Strongly agree,Neutral,Agree,Strongly agree,Strongly agree,Agree,Strongly agree,Agree,Agree,Strongly agree,Strongly agree,Strongly agree,Strongly agree,Agree,Agree,Strongly agree,Agree,Strongly agree,Strongly agree
2026/07/24 10:12:00 PM GMT+1,Female,30-39,Teaching,5-10 years,Strongly agree,Agree,Agree,Disagree,Agree,Strongly disagree,Agree,Agree,Agree,Agree,Strongly disagree,Strongly disagree,Strongly agree,Agree,Disagree,Agree,Strongly agree,Neutral,Agree,Disagree
2026/04/05 06:14:00 AM GMT+1,Male,20-29,Teaching,5-10 years,Disagree,Agree,Agree,Agree,Strongly agree,Strongly agree,Agree,Agree,Strongly agree,Agree,Agree,Disagree,Strongly disagree,Strongly agree,Strongly agree,Agree,Agree,Neutral,Neutral,Agree
2026/07/11 04:02:00 PM GMT+1,Male,20-29,Non teaching,16 years and above,Agree,Strongly agree,Agree,Agree,Strongly agree,Strongly agree,Agree,Agree,Agree,Neutral,Agree,Strongly agree,Strongly disagree,Disagree,Strongly disagree,Strongly disagree,Strongly agree,Strongly agree,Agree,Disagree
2026/07/25 10:39:00 AM GMT+1,Male,20-29,Teaching,5-10 years,Agree,Agree,Neutral,Agree,Agree,Agree,Agree,Strongly disagree,Agree,Agree,Agree,Strongly agree,Agree,Neutral,Disagree,Agree,Strongly disagree,Agree,Strongly agree,Agree
2026/08/13 12:54:00 AM GMT+1,Male,30-39,Non teaching,16 years and above,Agree,Agree,Agree,Agree,Strongly agree,Agree,Strongly agree,Strongly agree,Neutral,Disagree,Disagree,Strongly disagree,Disagree,Agree,Disagree,Agree,Strongly agree,Strongly disagree,Strongly agree,Agree
2026/06/04 07:35:00 AM GMT+1,Female,50 and above,Teaching,16 years and above,Disagree,Agree,Agree,Strongly agree,Strongly agree,Strongly agree,Agree,Neutral,Strongly agree,Strongly agree,Strongly agree,Agree,Agree,Strongly agree,Agree,Strongly agree,Strongly agree,Agree,Strongly agree,Strongly agree
2026/04/15 11:11:00 PM GMT+1,Female,40-49,Teaching,5-10 years,Disagree,Strongly agree,Agree,Strongly agree,Agree,Strongly agree,Agree,Strongly disagree,Strongly agree,Disagree,Agree,Strongly agree,Strongly agree,Agree,Agree,Agree,Agree,Agree,Agree,Strongly agree
2026/08/01 07:04:00 AM GMT+1,Male,30-39,Non teaching,16 years and above,Strongly agree,Strongly agree,Disagree,Agree,Disagree,Agree,Agree,Strongly agree,Agree,Disagree,Neutral,Strongly agree,Agree,Disagree,Disagree,Strongly agree,Disagree,Strongly agree,Strongly agree,Disagree
2026/07/16 09:28:00 PM GMT+1,Male,20-29,Teaching,Less than 5 years,Disagree,Strongly agree,Agree,Agree,Strongly agree,Strongly agree,Strongly agree,Strongly agree,Agree,Disagree,Strongly agree,Agree,Agree,Strongly agree,Disagree,Agree,Strongly disagree,Agree,Disagree,Disagree
2026/08/01 12:26:00 PM GMT+1,Male,30-39,Non teaching,Less than 5 years,Disagree,Agree,Strongly agree,Agree,Strongly agree,Agree,Agree,Strongly agree,Neutral,Strongly agree,Strongly disagree,Strongly agree,Strongly disagree,Strongly agree,Agree,Strongly agree,Disagree,Agree,Strongly agree,Agree
2026/05/22 08:19:00 PM GMT+1,Male,20-29,Teaching,11-15 years,Agree,Agree,Agree,Agree,Agree,Strongly agree,Strongly disagree,Agree,Strongly agree,Strongly agree,Agree,Agree,Agree,Neutral,Agree,Agree,Agree,Disagree,Strongly agree,Strongly agree
2026/06/29 01:05:00 PM GMT+1,Female,20-29,Teaching,11-15 years,Agree,Agree,Agree,Strongly agree,Agree,Neutral,Strongly agree,Strongly agree,Strongly agree,Strongly agree,Agree,Agree,Strongly agree,Strongly agree,Strongly disagree,Strongly disagree,Agree,Strongly agree,Strongly agree,Neutral
2026/07/24 05:36:00 PM GMT+1,Female,20-29,Teaching,Less than 5 years,Agree,Agree,Strongly agree,Strongly agree,Strongly agree,Agree,Agree,Agree,Disagree,Strongly agree,Strongly agree,Strongly agree,Strongly agree,Agree,Strongly agree,Strongly agree,Strongly agree,Neutral,Agree,Disagree
2026/07/17 10:49:00 AM GMT+1,Male,20-29,Teaching,11-15 years,Strongly agree,Agree,Neutral,Agree,Agree,Agree,Disagree,Agree,Agree,Strongly agree,Agree,Strongly agree,Agree,Agree,Strongly agree,Agree,Neutral,Strongly disagree,Strongly agree,Agree
2026/05/25 09:32:00 AM GMT+1,Female,20-29,Teaching,Less than 5 years,Strongly agree,Neutral,Neutral,Strongly disagree,Agree,Agree,Agree,Agree,Strongly agree,Agree,Agree,Strongly agree,Agree,Agree,Strongly agree,Strongly agree,Neutral,Strongly agree,Agree,Agree
2026/08/10 03:45:00 PM GMT+1,Male,40-49,Teaching,5-10 years,Agree,Strongly agree,Agree,Agree,Agree,Neutral,Disagree,Disagree,Disagree,Neutral,Neutral,Agree,Neutral,Agree,Strongly agree,Agree,Agree,Neutral,Neutral,Strongly disagree
2026/07/28 12:29:00 PM GMT+1,Male,40-49,Teaching,11-15 years,Neutral,Agree,Neutral,Disagree,Disagree,Agree,Neutral,Agree,Agree,Agree,Strongly disagree,Strongly agree,Agree,Disagree,Strongly agree,Strongly agree,Disagree,Agree,Strongly agree,Strongly agree
2026/07/04 11:26:00 AM GMT+1,Male,50 and above,Teaching,11-15 years,Neutral,Neutral,Agree,Agree,Agree,Agree,Agree,Strongly agree,Strongly disagree,Agree,Strongly agree,Strongly agree,Agree,Agree,Disagree,Agree,Agree,Neutral,Agree,Agree
2026/06/11 01:13:00 AM GMT+1,Male,20-29,Non teaching,Less than 5 years,Strongly disagree,Agree,Neutral,Agree,Disagree,Strongly agree,Agree,Agree,Strongly agree,Agree,Disagree,Agree,Agree,Strongly agree,Agree,Disagree,Agree,Agree,Agree,Agree
2026/05/14 01:06:00 PM GMT+1,Female,20-29,Teaching,5-10 years,Agree,Strongly agree,Agree,Neutral,Disagree,Neutral,Neutral,Neutral,Neutral,Agree,Neutral,Strongly agree,Disagree,Agree,Agree,Strongly agree,Disagree,Agree,Strongly agree,Strongly agree
2026/07/15 12:56:00 PM GMT+1,Female,20-29,Teaching,5-10 years,Strongly agree,Agree,Neutral,Agree,Strongly agree,Agree,Agree,Agree,Strongly agree,Neutral,Agree,Agree,Agree,Neutral,Disagree,Agree,Agree,Agree,Neutral,Agree
2026/04/11 04:28:00 PM GMT+1,Female,40-49,Teaching,5-10 years,Agree,Disagree,Agree,Neutral,Disagree,Strongly agree,Agree,Strongly agree,Agree,Agree,Strongly agree,Agree,Agree,Agree,Agree,Strongly agree,Strongly agree,Strongly agree,Disagree,Strongly agree
2026/05/20 02:41:00 AM GMT+1,Male,20-29,Teaching,16 years and above,Strongly agree,Neutral,Disagree,Strongly agree,Agree,Strongly agree,Neutral,Strongly agree,Neutral,Neutral,Neutral,Strongly agree,Agree,Agree,Agree,Strongly agree,Agree,Strongly agree,Agree,Agree
2026/05/13 03:40:00 PM GMT+1,Male,40-49,Teaching,Less than 5 years,Agree,Agree,Strongly agree,Agree,Neutral,Strongly agree,Agree,Agree,Strongly agree,Agree,Disagree,Strongly agree,Agree,Agree,Neutral,Strongly agree,Agree,Agree,Strongly agree,Strongly agree
2026/04/17 01:29:00 AM GMT+1,Male,20-29,Non teaching,16 years and above,Neutral,Agree,Neutral,Strongly agree,Strongly disagree,Agree,Strongly agree,Strongly agree,Agree,Strongly agree,Disagree,Strongly agree,Disagree,Agree,Strongly agree,Neutral,Neutral,Strongly agree,Strongly agree,Agree
2026/08/10 03:22:00 AM GMT+1,Female,30-39,Teaching,Less than 5 years,Agree,Agree,Agree,Agree,Neutral,Strongly agree,Agree,Agree,Agree,Strongly agree,Neutral,Agree,Agree,Agree,Strongly disagree,Strongly agree,Strongly agree,Agree,Agree,Strongly agree
2026/06/11 05:04:00 PM GMT+1,Male,40-49,Teaching,5-10 years,Strongly agree,Neutral,Agree,Agree,Agree,Strongly agree,Strongly agree,Strongly agree,Agree,Disagree,Strongly agree,Strongly agree,Disagree,Strongly agree,Strongly agree,Agree,Agree,Agree,Disagree,Agree
2026/05/04 07:04:00 AM GMT+1,Female,20-29,Teaching,16 years and above,Strongly agree,Strongly disagree,Agree,Agree,Agree,Strongly agree,Agree,Agree,Strongly agree,Agree,Neutral,Agree,Neutral,Neutral,Agree,Agree,Strongly agree,Agree,Agree,Agree
2026/05/02 07:40:00 PM GMT+1,Male,20-29,Teaching,16 years and above,Strongly disagree,Agree,Neutral,Strongly agree,Neutral,Agree,Disagree,Strongly agree,Agree,Agree,Disagree,Strongly agree,Neutral,Strongly agree,Neutral,Neutral,Strongly disagree,Agree,Agree,Disagree
2026/07/08 02:24:00 PM GMT+1,Female,20-29,Teaching,Less than 5 years,Strongly agree,Agree,Agree,Agree,Agree,Agree,Neutral,Neutral,Strongly agree,Strongly agree,Agree,Agree,Agree,Agree,Strongly disagree,Neutral,Strongly agree,Agree,Strongly disagree,Neutral
2026/08/14 02:22:00 PM GMT+1,Female,20-29,Non teaching,16 years and above,Neutral,Agree,Strongly disagree,Disagree,Strongly agree,Neutral,Agree,Neutral,Disagree,Neutral,Strongly agree,Strongly agree,Strongly agree,Agree,Agree,Neutral,Agree,Strongly agree,Strongly disagree,Disagree
2026/05/08 07:52:00 AM GMT+1,Male,40-49,Teaching,16 years and above,Neutral,Strongly disagree,Neutral,Agree,Agree,Strongly agree,Strongly agree,Agree,Agree,Agree,Agree,Agree,Agree,Agree,Agree,Agree,Agree,Strongly agree,Strongly agree,Neutral
2026/03/30 07:25:00 PM GMT+1,Male,20-29,Non teaching,11-15 years,Strongly agree,Agree,Strongly agree,Strongly agree,Agree,Strongly disagree,Agree,Agree,Agree,Agree,Neutral,Strongly agree,Strongly agree,Agree,Neutral,Agree,Strongly disagree,Strongly agree,Disagree,Agree
2026/06/15 10:08:00 AM GMT+1,Male,20-29,Non teaching,5-10 years,Agree,Agree,Agree,Strongly agree,Neutral,Strongly disagree,Neutral,Strongly agree,Strongly agree,Agree,Agree,Agree,Neutral,Strongly agree,Agree,Agree,Agree,Strongly disagree,Neutral,Strongly agree
2026/04/10 01:31:00 AM GMT+1,Female,30-39,Teaching,Less than 5 years,Disagree,Agree,Neutral,Agree,Agree,Agree,Strongly agree,Agree,Agree,Agree,Agree,Strongly agree,Strongly agree,Neutral,Strongly disagree,Agree,Agree,Disagree,Agree,Agree
2026/07/14 06:18:00 PM GMT+1,Male,20-29,Teaching,Less than 5 years,Agree,Strongly agree,Disagree,Disagree,Strongly agree,Agree,Agree,Agree,Neutral,Strongly agree,Strongly agree,Agree,Agree,Agree,Agree,Disagree,Strongly agree,Neutral,Strongly agree,Agree
2026/06/30 08:44:00 PM GMT+1,Female,40-49,Teaching,Less than 5 years,Neutral,Agree,Strongly agree,Strongly agree,Strongly agree,Agree,Agree,Strongly agree,Neutral,Agree,Neutral,Strongly agree,Strongly agree,Strongly disagree,Strongly agree,Strongly agree,Neutral,Agree,Strongly agree,Strongly disagree
2026/07/31 08:02:00 AM GMT+1,Female,20-29,Teaching,Less than 5 years,Agree,Agree,Strongly agree,Strongly agree,Strongly agree,Agree,Strongly agree,Strongly agree,Agree,Strongly agree,Strongly disagree,Agree,Neutral,Disagree,Disagree,Agree,Agree,Strongly agree,Disagree,Agree
2026/07/21 04:07:00 AM GMT+1,Female,20-29,Non teaching,11-15 years,Agree,Strongly agree,Agree,Agree,Strongly agree,Agree,Neutral,Strongly disagree,Strongly agree,Strongly disagree,Strongly agree,Agree,Strongly agree,Strongly agree,Strongly agree,Agree,Strongly agree,Agree,Agree,Agree
2026/05/06 02:25:00 PM GMT+1,Male,20-29,Non teaching,5-10 years,Strongly agree,Strongly agree,Strongly agree,Agree,Agree,Strongly agree,Neutral,Disagree,Agree,Agree,Agree,Neutral,Strongly disagree,Strongly disagree,Strongly agree,Agree,Agree,Agree,Neutral,Strongly agree
2026/07/30 04:39:00 PM GMT+1,Male,20-29,Teaching,Less than 5 years,Strongly agree,Disagree,Agree,Strongly agree,Strongly agree,Agree,Agree,Neutral,Strongly agree,Neutral,Strongly agree,Agree,Agree,Agree,Neutral,Neutral,Neutral,Neutral,Strongly agree,Agree
2026/06/21 08:16:00 PM GMT+1,Female,20-29,Teaching,11-15 years,Disagree,Strongly agree,Strongly agree,Strongly agree,Strongly agree,Neutral,Agree,Strongly agree,Agree,Neutral,Strongly agree,Neutral,Neutral,Agree,Agree,Agree,Disagree,Strongly agree,Agree,Disagree
2026/04/23 12:42:00 PM GMT+1,Male,40-49,Teaching,11-15 years,Strongly agree,Strongly agree,Strongly agree,Strongly agree,Agree,Agree,Disagree,Agree,Agree,Agree,Strongly agree,Agree,Disagree,Neutral,Agree,Disagree,Strongly agree,Agree,Agree,Agree
2026/05/21 07:07:00 AM GMT+1,Female,20-29,Non teaching,Less than 5 years,Strongly agree,Agree,Agree,Agree,Agree,Strongly agree,Strongly agree,Agree,Strongly agree,Strongly agree,Strongly agree,Strongly agree,Agree,Agree,Agree,Strongly agree,Neutral,Strongly agree,Strongly agree,Strongly disagree
2026/07/29 11:56:00 PM GMT+1,Male,40-49,Teaching,5-10 years,Strongly agree,Disagree,Agree,Strongly agree,Neutral,Strongly agree,Strongly agree,Agree,Strongly disagree,Agree,Agree,Strongly agree,Agree,Agree,Agree,Agree,Strongly agree,Disagree,Strongly agree,Agree
2026/05/17 01:28:00 PM GMT+1,Female,40-49,Teaching,11-15 years,Strongly agree,Agree,Agree,Strongly agree,Disagree,Strongly agree,Agree,Disagree,Agree,Strongly agree,Disagree,Agree,Agree,Agree,Strongly disagree,Strongly agree,Strongly agree,Strongly agree,Strongly agree,Neutral
2026/05/20 05:00:00 PM GMT+1,Female,30-39,Teaching,11-15 years,Strongly agree,Strongly disagree,Strongly disagree,Agree,Agree,Strongly agree,Agree,Agree,Agree,Strongly agree,Agree,Agree,Neutral,Strongly agree,Agree,Neutral,Disagree,Agree,Agree,Agree
2026/06/30 10:09:00 AM GMT+1,Male,20-29,Teaching,Less than 5 years,Strongly agree,Neutral,Agree,Strongly agree,Agree,Agree,Agree,Agree,Strongly agree,Agree,Strongly agree,Neutral,Neutral,Strongly disagree,Agree,Agree,Strongly agree,Agree,Strongly agree,Neutral
2026/07/23 09:13:00 PM GMT+1,Male,40-49,Teaching,Less than 5 years,Strongly agree,Strongly agree,Strongly agree,Strongly agree,Strongly agree,Agree,Neutral,Strongly disagree,Strongly agree,Agree,Strongly agree,Agree,Disagree,Disagree,Agree,Agree,Neutral,Agree,Disagree,Agree
2026/05/30 03:19:00 AM GMT+1,Female,30-39,Non teaching,5-10 years,Agree,Strongly agree,Agree,Agree,Strongly disagree,Disagree,Agree,Agree,Agree,Agree,Agree,Strongly agree,Strongly agree,Strongly disagree,Agree,Disagree,Neutral,Strongly agree,Neutral,Agree
2026/08/12 08:29:00 AM GMT+1,Male,30-39,Non teaching,Less than 5 years,Agree,Strongly agree,Agree,Strongly disagree,Agree,Agree,Disagree,Agree,Strongly disagree,Disagree,Agree,Neutral,Agree,Agree,Strongly agree,Neutral,Neutral,Disagree,Agree,Strongly agree
2026/04/19 06:47:00 PM GMT+1,Female,40-49,Teaching,Less than 5 years,Strongly disagree,Strongly agree,Disagree,Agree,Strongly agree,Strongly agree,Strongly agree,Strongly agree,Agree,Strongly agree,Disagree,Strongly agree,Agree,Strongly agree,Agree,Agree,Agree,Strongly agree,Disagree,Disagree
2026/06/05 03:07:00 PM GMT+1,Female,20-29,Teaching,11-15 years,Neutral,Neutral,Strongly agree,Neutral,Strongly agree,Agree,Neutral,Strongly agree,Agree,Agree,Agree,Strongly agree,Neutral,Strongly agree,Strongly agree,Agree,Neutral,Agree,Disagree,Strongly disagree
2026/06/04 07:11:00 PM GMT+1,Female,40-49,Teaching,5-10 years,Agree,Agree,Strongly agree,Strongly agree,Strongly agree,Agree,Agree,Agree,Strongly agree,Strongly disagree,Strongly agree,Agree,Agree,Strongly agree,Agree,Strongly agree,Strongly agree,Agree,Agree,Agree
2026/07/29 07:52:00 PM GMT+1,Female,20-29,Non teaching,5-10 years,Strongly agree,Neutral,Agree,Agree,Strongly agree,Neutral,Strongly agree,Strongly agree,Neutral,Neutral,Strongly agree,Neutral,Strongly agree,Agree,Neutral,Strongly agree,Agree,Agree,Agree,Agree
2026/05/12 12:19:00 PM GMT+1,Female,50 and above,Teaching,16 years and above,Neutral,Agree,Strongly agree,Agree,Agree,Agree,Strongly agree,Neutral,Strongly agree,Agree,Neutral,Disagree,Neutral,Agree,Agree,Strongly agree,Agree,Neutral,Agree,Strongly agree
2026/04/03 10:17:00 PM GMT+1,Female,30-39,Non teaching,16 years and above,Neutral,Neutral,Strongly disagree,Strongly agree,Agree,Agree,Strongly agree,Strongly agree,Agree,Strongly agree,Neutral,Disagree,Agree,Disagree,Agree,Strongly agree,Strongly disagree,Disagree,Agree,Strongly agree
2026/07/30 08:52:00 AM GMT+1,Female,20-29,Teaching,16 years and above,Agree,Agree,Strongly disagree,Neutral,Strongly agree,Strongly agree,Strongly disagree,Strongly agree,Agree,Strongly agree,Agree,Agree,Agree,Agree,Neutral,Strongly disagree,Agree,Strongly agree,Neutral,Agree
2026/04/06 11:11:00 AM GMT+1,Male,20-29,Non teaching,11-15 years,Strongly agree,Disagree,Agree,Agree,Strongly agree,Neutral,Agree,Strongly agree,Strongly agree,Agree,Agree,Agree,Strongly agree,Agree,Strongly disagree,Strongly agree,Agree,Agree,Neutral,Agree
2026/05/24 11:23:00 PM GMT+1,Female,20-29,Teaching,16 years and above,Agree,Agree,Disagree,Agree,Strongly agree,Strongly disagree,Strongly agree,Agree,Strongly agree,Strongly agree,Agree,Strongly agree,Strongly agree,Agree,Agree,Agree,Strongly agree,Strongly agree,Strongly agree,Agree
2026/05/29 04:11:00 AM GMT+1,Male,40-49,Non teaching,11-15 years,Strongly agree,Disagree,Agree,Strongly disagree,Agree,Agree,Agree,Agree,Agree,Agree,Neutral,Agree,Neutral,Disagree,Agree,Agree,Agree,Agree,Agree,Strongly agree
2026/07/25 04:40:00 AM GMT+1,Male,30-39,Non teaching,Less than 5 years,Agree,Agree,Strongly disagree,Agree,Agree,Agree,Agree,Agree,Agree,Strongly agree,Strongly agree,Strongly agree,Strongly agree,Strongly disagree,Neutral,Strongly disagree,Agree,Strongly agree,Neutral,Strongly agree
2026/04/20 09:56:00 AM GMT+1,Male,20-29,Non teaching,Less than 5 years,Disagree,Strongly agree,Agree,Disagree,Agree,Agree,Agree,Agree,Strongly agree,Agree,Agree,Agree,Strongly agree,Agree,Agree,Disagree,Neutral,Agree,Neutral,Agree
2026/04/19 03:37:00 AM GMT+1,Male,20-29,Non teaching,16 years and above,Strongly agree,Disagree,Agree,Agree,Strongly agree,Agree,Strongly agree,Agree,Strongly disagree,Agree,Strongly agree,Agree,Strongly agree,Strongly agree,Neutral,Neutral,Agree,Agree,Strongly agree,Strongly agree
2026/07/18 06:34:00 PM GMT+1,Female,20-29,Teaching,11-15 years,Agree,Neutral,Strongly agree,Agree,Strongly agree,Agree,Agree,Disagree,Agree,Agree,Agree,Neutral,Strongly agree,Strongly agree,Neutral,Disagree,Strongly disagree,Agree,Agree,Agree
2026/04/07 11:55:00 AM GMT+1,Male,20-29,Teaching,11-15 years,Neutral,Agree,Agree,Agree,Strongly agree,Neutral,Agree,Agree,Agree,Strongly agree,Agree,Strongly agree,Disagree,Disagree,Strongly agree,Agree,Agree,Disagree,Disagree,Strongly agree
2026/06/16 10:22:00 PM GMT+1,Female,40-49,Non teaching,11-15 years,Neutral,Agree,Neutral,Agree,Disagree,Agree,Disagree,Strongly agree,Neutral,Agree,Strongly agree,Agree,Agree,Agree,Agree,Agree,Strongly agree,Agree,Agree,Strongly agree
2026/07/29 04:23:00 AM GMT+1,Female,30-39,Non teaching,11-15 years,Agree,Disagree,Agree,Strongly agree,Neutral,Agree,Neutral,Agree,Disagree,Agree,Strongly agree,Agree,Agree,Strongly agree,Strongly agree,Neutral,Agree,Neutral,Strongly agree,Strongly agree
2026/07/29 07:41:00 PM GMT+1,Male,20-29,Non teaching,5-10 years,Agree,Strongly agree,Agree,Agree,Disagree,Strongly agree,Disagree,Strongly agree,Strongly agree,Strongly agree,Strongly disagree,Agree,Agree,Agree,Disagree,Strongly agree,Agree,Agree,Agree,Agree
2026/05/04 08:09:00 AM GMT+1,Male,30-39,Non teaching,5-10 years,Agree,Agree,Strongly agree,Agree,Strongly agree,Strongly agree,Neutral,Strongly agree,Disagree,Strongly agree,Agree,Strongly agree,Strongly agree,Strongly agree,Strongly agree,Agree,Disagree,Agree,Neutral,Agree
2026/07/20 11:13:00 AM GMT+1,Male,20-29,Teaching,11-15 years,Agree,Strongly agree,Agree,Strongly agree,Neutral,Strongly agree,Strongly agree,Agree,Agree,Strongly agree,Neutral,Agree,Agree,Neutral,Agree,Disagree,Strongly disagree,Neutral,Strongly agree,Agree
2026/05/21 03:32:00 PM GMT+1,Female,20-29,Non teaching,16 years and above,Strongly agree,Agree,Agree,Agree,Agree,Disagree,Agree,Neutral,Agree,Agree,Neutral,Disagree,Strongly agree,Agree,Disagree,Strongly agree,Disagree,Agree,Strongly agree,Neutral
2026/06/18 08:11:00 PM GMT+1,Male,30-39,Non teaching,5-10 years,Neutral,Disagree,Agree,Disagree,Agree,Disagree,Agree,Strongly agree,Strongly agree,Agree,Agree,Agree,Agree,Agree,Neutral,Strongly agree,Agree,Neutral,Agree,Agree
2026/07/28 08:33:00 AM GMT+1,Female,20-29,Non teaching,Less than 5 years,Strongly agree,Strongly agree,Strongly agree,Strongly disagree,Agree,Agree,Strongly disagree,Agree,Strongly agree,Neutral,Agree,Neutral,Strongly disagree,Neutral,Strongly agree,Strongly agree,Strongly agree,Agree,Disagree,Agree
2026/08/14 03:46:00 AM GMT+1,Female,30-39,Teaching,5-10 years,Agree,Strongly agree,Disagree,Agree,Neutral,Agree,Strongly agree,Agree,Agree,Agree,Agree,Strongly agree,Strongly agree,Strongly agree,Strongly agree,Agree,Agree,Agree,Agree,Strongly agree
2026/04/26 05:47:00 AM GMT+1,Female,20-29,Non teaching,Less than 5 years,Strongly disagree,Strongly agree,Agree,Agree,Agree,Strongly agree,Agree,Agree,Disagree,Agree,Neutral,Strongly agree,Agree,Agree,Strongly disagree,Disagree,Strongly agree,Disagree,Disagree,Strongly disagree
2026/06/21 07:44:00 AM GMT+1,Male,40-49,Teaching,16 years and above,Strongly agree,Strongly agree,Agree,Agree,Agree,Strongly agree,Agree,Neutral,Neutral,Disagree,Agree,Strongly agree,Agree,Strongly disagree,Disagree,Strongly agree,Agree,Strongly agree,Agree,Agree
2026/06/28 09:58:00 AM GMT+1,Male,20-29,Teaching,Less than 5 years,Neutral,Disagree,Agree,Strongly agree,Agree,Agree,Strongly disagree,Strongly agree,Strongly agree,Agree,Strongly agree,Agree,Agree,Strongly agree,Strongly agree,Agree,Disagree,Agree,Strongly agree,Neutral
2026/06/15 07:29:00 PM GMT+1,Female,20-29,Non teaching,Less than 5 years,Agree,Agree,Agree,Agree,Strongly agree,Neutral,Disagree,Neutral,Strongly agree,Agree,Agree,Strongly agree,Strongly agree,Strongly agree,Strongly agree,Agree,Strongly agree,Agree,Strongly agree,Strongly agree
2026/07/09 09:20:00 PM GMT+1,Female,40-49,Teaching,16 years and above,Strongly agree,Agree,Neutral,Agree,Strongly agree,Strongly agree,Strongly disagree,Neutral,Neutral,Strongly agree,Strongly agree,Neutral,Agree,Strongly agree,Strongly agree,Agree,Agree,Agree,Agree,Agree
2026/04/23 04:34:00 PM GMT+1,Male,30-39,Non teaching,16 years and above,Agree,Strongly agree,Agree,Strongly agree,Neutral,Agree,Strongly disagree,Neutral,Strongly agree,Strongly agree,Disagree,Agree,Strongly agree,Neutral,Agree,Strongly agree,Agree,Neutral,Agree,Strongly agree
2026/07/19 10:43:00 PM GMT+1,Male,40-49,Non teaching,5-10 years,Agree,Strongly disagree,Strongly agree,Strongly disagree,Strongly agree,Neutral,Strongly agree,Agree,Agree,Neutral,Agree,Strongly agree,Strongly agree,Agree,Agree,Strongly agree,Strongly agree,Agree,Agree,Agree
2026/08/12 07:04:00 PM GMT+1,Male,20-29,Teaching,11-15 years,Agree,Strongly disagree,Agree,Agree,Strongly agree,Disagree,Agree,Agree,Agree,Disagree,Agree,Agree,Agree,Agree,Agree,Strongly agree,Agree,Strongly agree,Agree,Disagree
2026/07/03 07:35:00 AM GMT+1,Male,30-39,Non teaching,16 years and above,Disagree,Agree,Strongly agree,Strongly agree,Strongly agree,Agree,Agree,Neutral,Agree,Agree,Disagree,Neutral,Agree,Strongly agree,Strongly agree,Strongly agree,Agree,Agree,Agree,Strongly agree
2026/04/13 12:31:00 PM GMT+1,Male,20-29,Non teaching,11-15 years,Disagree,Agree,Strongly agree,Agree,Agree,Agree,Neutral,Agree,Agree,Strongly disagree,Strongly disagree,Strongly agree,Agree,Agree,Agree,Strongly agree,Agree,Agree,Strongly agree,Strongly agree
2026/07/06 05:57:00 PM GMT+1,Female,20-29,Teaching,16 years and above,Neutral,Strongly agree,Agree,Agree,Neutral,Disagree,Strongly agree,Agree,Agree,Strongly agree,Strongly agree,Neutral,Agree,Neutral,Strongly agree,Agree,Strongly agree,Disagree,Disagree,Agree
2026/08/03 05:54:00 PM GMT+1,Female,30-39,Teaching,16 years and above,Agree,Neutral,Strongly agree,Neutral,Agree,Strongly agree,Agree,Strongly agree,Disagree,Agree,Strongly disagree,Disagree,Strongly agree,Neutral,Agree,Agree,Agree,Strongly agree,Strongly disagree,Agree
2026/06/12 02:49:00 PM GMT+1,Male,20-29,Non teaching,Less than 5 years,Strongly agree,Agree,Strongly agree,Disagree,Agree,Agree,Strongly agree,Strongly agree,Agree,Agree,Neutral,Agree,Agree,Strongly agree,Agree,Agree,Disagree,Neutral,Neutral,Agree
2026/05/07 01:40:00 AM GMT+1,Male,20-29,Teaching,16 years and above,Strongly agree,Agree,Agree,Disagree,Strongly agree,Strongly agree,Disagree,Strongly agree,Agree,Disagree,Agree,Agree,Neutral,Strongly agree,Strongly agree,Agree,Agree,Agree,Agree,Agree
2026/06/25 05:57:00 AM GMT+1,Female,40-49,Non teaching,16 years and above,Disagree,Agree,Strongly agree,Agree,Disagree,Strongly agree,Neutral,Agree,Neutral,Agree,Strongly agree,Agree,Neutral,Strongly agree,Strongly agree,Strongly agree,Neutral,Agree,Strongly agree,Strongly agree
2026/06/14 04:43:00 PM GMT+1,Female,20-29,Non teaching,16 years and above,Strongly disagree,Disagree,Agree,Strongly agree,Agree,Agree,Disagree,Agree,Strongly agree,Agree,Strongly agree,Strongly agree,Neutral,Agree,Agree,Strongly agree,Agree,Agree,Strongly agree,Agree
2026/06/26 07:48:00 PM GMT+1,Female,20-29,Non teaching,5-10 years,Strongly agree,Agree,Neutral,Agree,Strongly agree,Agree,Strongly agree,Strongly agree,Agree,Strongly agree,Neutral,Neutral,Neutral,Strongly agree,Agree,Neutral,Agree,Agree,Disagree,Strongly agree
2026/06/23 12:03:00 PM GMT+1,Female,50 and above,Teaching,16 years and above,Strongly agree,Agree,Strongly agree,Agree,Strongly agree,Agree,Agree,Neutral,Strongly agree,Agree,Neutral,Strongly disagree,Agree,Agree,Strongly agree,Strongly agree,Disagree,Strongly agree,Neutral,Strongly agree
2026/07/16 04:01:00 AM GMT+1,Female,20-29,Non teaching,5-10 years,Strongly agree,Agree,Strongly agree,Agree,Agree,Strongly agree,Agree,Agree,Agree,Strongly agree,Agree,Neutral,Strongly agree,Strongly agree,Disagree,Neutral,Neutral,Agree,Agree,Strongly agree
2026/06/22 11:11:00 AM GMT+1,Female,20-29,Non teaching,11-15 years,Agree,Agree,Agree,Strongly agree,Agree,Strongly agree,Agree,Disagree,Agree,Agree,Agree,Disagree,Neutral,Strongly agree,Neutral,Strongly agree,Agree,Agree,Agree,Agree
2026/05/07 10:45:00 PM GMT+1,Male,20-29,Non teaching,11-15 years,Agree,Neutral,Strongly disagree,Agree,Agree,Strongly agree,Strongly agree,Strongly agree,Strongly agree,Agree,Agree,Strongly agree,Agree,Agree,Disagree,Agree,Agree,Strongly agree,Agree,Agree
2026/08/14 07:34:00 AM GMT+1,Male,20-29,Teaching,16 years and above,Strongly agree,Disagree,Agree,Strongly disagree,Strongly agree,Strongly agree,Agree,Strongly agree,Agree,Strongly agree,Strongly agree,Strongly agree,Strongly disagree,Strongly agree,Strongly agree,Agree,Strongly agree,Agree,Strongly agree,Disagree
2026/04/02 10:41:00 PM GMT+1,Female,50 and above,Non teaching,5-10 years,Strongly agree,Agree,Disagree,Neutral,Strongly disagree,Agree,Agree,Agree,Agree,Agree,Strongly agree,Strongly disagree,Strongly agree,Strongly agree,Agree,Agree,Strongly agree,Neutral,Disagree,Neutral
2026/07/26 06:31:00 PM GMT+1,Female,30-39,Teaching,Less than 5 years,Strongly agree,Strongly disagree,Agree,Strongly agree,Strongly agree,Agree,Disagree,Strongly agree,Agree,Disagree,Disagree,Strongly agree,Agree,Strongly agree,Strongly agree,Agree,Agree,Agree,Agree,Agree
2026/05/14 10:23:00 AM GMT+1,Female,40-49,Teaching,5-10 years,Strongly agree,Agree,Strongly agree,Agree,Agree,Agree,Agree,Strongly agree,Neutral,Agree,Disagree,Agree,Agree,Agree,Strongly agree,Agree,Strongly agree,Agree,Agree,Disagree
2026/04/22 09:28:00 AM GMT+1,Male,30-39,Teaching,16 years and above,Agree,Agree,Agree,Strongly disagree,Neutral,Agree,Strongly agree,Agree,Agree,Neutral,Agree,Agree,Neutral,Agree,Strongly disagree,Strongly disagree,Neutral,Strongly disagree,Disagree,Agree
2026/08/04 06:00:00 PM GMT+1,Male,30-39,Teaching,Less than 5 years,Strongly agree,Agree,Agree,Agree,Strongly agree,Agree,Disagree,Agree,Disagree,Agree,Agree,Strongly agree,Agree,Strongly agree,Strongly agree,Neutral,Agree,Agree,Agree,Agree
2026/04/29 05:30:00 AM GMT+1,Male,20-29,Teaching,11-15 years,Strongly agree,Strongly agree,Agree,Agree,Strongly agree,Strongly agree,Strongly agree,Strongly disagree,Agree,Disagree,Agree,Disagree,Agree,Agree,Disagree,Agree,Agree,Agree,Disagree,Agree
2026/07/13 05:41:00 AM GMT+1,Male,20-29,Teaching,Less than 5 years,Strongly agree,Disagree,Disagree,Agree,Strongly agree,Agree,Agree,Agree,Agree,Strongly disagree,Agree,Strongly agree,Agree,Strongly agree,Strongly agree,Disagree,Strongly agree,Disagree,Agree,Neutral
2026/07/16 04:54:00 AM GMT+1,Female,20-29,Non teaching,Less than 5 years,Strongly disagree,Agree,Agree,Agree,Agree,Strongly disagree,Disagree,Agree,Agree,Strongly agree,Agree,Strongly agree,Agree,Agree,Agree,Agree,Agree,Strongly agree,Agree,Strongly agree
2026/07/11 10:35:00 AM GMT+1,Female,20-29,Non teaching,11-15 years,Strongly agree,Strongly agree,Strongly agree,Agree,Agree,Agree,Agree,Agree,Strongly agree,Agree,Agree,Neutral,Agree,Neutral,Strongly agree,Agree,Neutral,Strongly disagree,Agree,Agree
2026/04/11 11:16:00 PM GMT+1,Male,20-29,Non teaching,16 years and above,Agree,Disagree,Agree,Agree,Agree,Agree,Agree,Neutral,Strongly agree,Agree,Agree,Neutral,Agree,Strongly disagree,Agree,Strongly agree,Agree,Strongly disagree,Strongly disagree,Agree
2026/04/18 03:06:00 PM GMT+1,Male,50 and above,Non teaching,5-10 years,Neutral,Strongly disagree,Strongly agree,Agree,Agree,Strongly agree,Disagree,Strongly agree,Agree,Strongly agree,Agree,Strongly agree,Strongly agree,Agree,Strongly agree,Agree,Agree,Agree,Agree,Neutral
2026/06/17 04:40:00 PM GMT+1,Female,30-39,Non teaching,16 years and above,Agree,Agree,Strongly agree,Strongly agree,Agree,Agree,Agree,Neutral,Disagree,Agree,Agree,Strongly agree,Agree,Agree,Agree,Neutral,Agree,Agree,Agree,Agree
2026/06/23 01:03:00 AM GMT+1,Male,40-49,Non teaching,11-15 years,Strongly agree,Strongly agree,Agree,Agree,Agree,Neutral,Agree,Strongly disagree,Agree,Agree,Neutral,Strongly agree,Strongly agree,Strongly agree,Agree,Strongly agree,Neutral,Strongly agree,Disagree,Strongly agree
2026/05/14 02:35:00 AM GMT+1,Female,20-29,Non teaching,5-10 years,Agree,Strongly agree,Strongly agree,Neutral,Agree,Strongly agree,Agree,Strongly agree,Agree,Agree,Agree,Neutral,Strongly agree,Agree,Agree,Agree,Agree,Strongly agree,Strongly agree,Agree
2026/08/14 12:52:00 AM GMT+1,Male,30-39,Non teaching,11-15 years,Strongly agree,Strongly agree,Agree,Strongly agree,Neutral,Disagree,Strongly agree,Agree,Strongly agree,Strongly agree,Disagree,Strongly agree,Agree,Agree,Agree,Strongly agree,Strongly disagree,Agree,Agree,Strongly agree
2026/04/04 03:23:00 PM GMT+1,Male,40-49,Teaching,16 years and above,Agree,Neutral,Agree,Agree,Strongly agree,Agree,Neutral,Strongly agree,Strongly disagree,Strongly agree,Agree,Strongly agree,Agree,Strongly disagree,Strongly agree,Strongly agree,Strongly agree,Neutral,Strongly agree,Strongly agree
2026/05/08 12:45:00 AM GMT+1,Male,30-39,Non teaching,11-15 years,Agree,Strongly agree,Strongly agree,Agree,Disagree,Agree,Disagree,Agree,Agree,Disagree,Agree,Disagree,Strongly agree,Strongly agree,Disagree,Strongly agree,Agree,Agree,Disagree,Agree
2026/07/16 10:38:00 PM GMT+1,Male,30-39,Teaching,Less than 5 years,Strongly agree,Strongly agree,Disagree,Disagree,Agree,Agree,Neutral,Agree,Strongly agree,Strongly agree,Agree,Strongly agree,Agree,Agree,Neutral,Agree,Strongly agree,Agree,Agree,Agree
2026/05/13 08:30:00 AM GMT+1,Male,20-29,Teaching,16 years and above,Disagree,Strongly agree,Agree,Agree,Agree,Agree,Disagree,Agree,Neutral,Strongly agree,Strongly agree,Strongly agree,Agree,Agree,Neutral,Strongly agree,Agree,Agree,Agree,Neutral
2026/07/25 11:59:00 PM GMT+1,Male,20-29,Teaching,Less than 5 years,Agree,Disagree,Strongly agree,Agree,Strongly disagree,Agree,Strongly disagree,Agree,Strongly agree,Disagree,Strongly agree,Strongly disagree,Neutral,Strongly agree,Agree,Disagree,Agree,Agree,Strongly agree,Agree
2026/05/22 11:32:00 PM GMT+1,Female,20-29,Teaching,11-15 years,Strongly agree,Strongly agree,Agree,Strongly agree,Agree,Strongly agree,Disagree,Agree,Agree,Agree,Agree,Strongly agree,Strongly disagree,Neutral,Strongly agree,Agree,Strongly agree,Strongly agree,Strongly agree,Strongly agree
2026/07/29 06:53:00 AM GMT+1,Male,20-29,Non teaching,16 years and above,Agree,Disagree,Strongly agree,Agree,Strongly disagree,Agree,Strongly agree,Agree,Agree,Agree,Neutral,Agree,Agree,Disagree,Strongly agree,Agree,Strongly agree,Strongly agree,Neutral,Agree
2026/08/13 05:02:00 AM GMT+1,Male,20-29,Non teaching,11-15 years,Agree,Strongly agree,Neutral,Agree,Agree,Agree,Neutral,Agree,Strongly agree,Agree,Agree,Agree,Strongly agree,Neutral,Strongly agree,Agree,Agree,Disagree,Disagree,Agree
2026/05/25 05:39:00 AM GMT+1,Male,20-29,Teaching,11-15 years,Agree,Strongly agree,Strongly disagree,Agree,Agree,Strongly disagree,Disagree,Agree,Agree,Agree,Agree,Agree,Strongly disagree,Agree,Strongly agree,Agree,Agree,Agree,Strongly agree,Strongly agree
2026/04/21 04:20:00 AM GMT+1,Female,20-29,Non teaching,11-15 years,Agree,Strongly agree,Disagree,Strongly disagree,Strongly agree,Strongly agree,Disagree,Agree,Strongly disagree,Agree,Strongly agree,Agree,Agree,Agree,Strongly disagree,Agree,Agree,Strongly agree,Strongly agree,Strongly disagree
2026/08/09 07:45:00 AM GMT+1,Male,50 and above,Teaching,11-15 years,Strongly agree,Strongly agree,Strongly agree,Agree,Agree,Agree,Disagree,Neutral,Neutral,Agree,Strongly agree,Agree,Disagree,Strongly agree,Strongly agree,Strongly agree,Strongly agree,Agree,Strongly agree,Disagree
2026/05/10 07:53:00 PM GMT+1,Male,20-29,Teaching,5-10 years,Agree,Neutral,Neutral,Neutral,Agree,Strongly agree,Agree,Neutral,Strongly agree,Agree,Agree,Agree,Agree,Agree,Strongly agree,Agree,Agree,Strongly agree,Strongly agree,Disagree
2026/05/19 08:29:00 AM GMT+1,Female,50 and above,Non teaching,5-10 years,Neutral,Strongly disagree,Agree,Agree,Neutral,Strongly agree,Agree,Neutral,Agree,Agree,Disagree,Agree,Strongly agree,Agree,Agree,Agree,Strongly disagree,Neutral,Agree,Neutral
2026/07/24 12:53:00 PM GMT+1,Male,20-29,Teaching,11-15 years,Strongly disagree,Strongly agree,Strongly agree,Strongly agree,Strongly agree,Neutral,Strongly agree,Neutral,Strongly agree,Strongly agree,Strongly agree,Strongly agree,Agree,Agree,Agree,Agree,Disagree,Agree,Strongly agree,Neutral
2026/06/23 08:49:00 PM GMT+1,Male,20-29,Teaching,Less than 5 years,Strongly agree,Strongly agree,Strongly agree,Strongly agree,Agree,Strongly agree,Strongly agree,Neutral,Agree,Strongly agree,Neutral,Agree,Agree,Neutral,Agree,Strongly agree,Agree,Strongly disagree,Strongly disagree,Agree
2026/05/15 09:05:00 AM GMT+1,Male,20-29,Teaching,16 years and above,Strongly agree,Neutral,Agree,Neutral,Agree,Strongly agree,Strongly agree,Disagree,Agree,Strongly disagree,Agree,Agree,Disagree,Agree,Agree,Strongly agree,Strongly agree,Strongly disagree,Strongly agree,Agree
2026/06/27 10:28:00 PM GMT+1,Female,30-39,Teaching,5-10 years,Agree,Strongly agree,Strongly agree,Strongly agree,Agree,Agree,Strongly agree,Agree,Agree,Agree,Agree,Neutral,Neutral,Strongly agree,Disagree,Agree,Neutral,Strongly disagree,Strongly disagree,Neutral
2026/04/26 01:51:00 PM GMT+1,Male,20-29,Teaching,Less than 5 years,Strongly agree,Agree,Strongly agree,Agree,Agree,Agree,Agree,Strongly agree,Agree,Agree,Strongly agree,Strongly agree,Strongly agree,Agree,Strongly agree,Agree,Agree,Neutral,Agree,Neutral
2026/07/10 12:15:00 AM GMT+1,Male,30-39,Teaching,16 years and above,Agree,Strongly agree,Neutral,Disagree,Disagree,Strongly agree,Agree,Agree,Strongly agree,Strongly agree,Agree,Agree,Strongly agree,Agree,Neutral,Strongly agree,Agree,Agree,Agree,Strongly disagree
2026/06/20 10:19:00 AM GMT+1,Male,20-29,Non teaching,11-15 years,Disagree,Strongly agree,Strongly disagree,Agree,Agree,Disagree,Strongly agree,Neutral,Agree,Agree,Neutral,Strongly disagree,Strongly agree,Strongly agree,Neutral,Agree,Strongly agree,Strongly agree,Agree,Agree
2026/07/11 10:22:00 PM GMT+1,Female,30-39,Teaching,5-10 years,Agree,Strongly agree,Strongly agree,Neutral,Agree,Strongly agree,Strongly agree,Strongly agree,Strongly agree,Agree,Agree,Agree,Disagree,Agree,Strongly agree,Neutral,Strongly agree,Agree,Strongly agree,Strongly disagree
2026/07/22 06:55:00 AM GMT+1,Female,20-29,Teaching,5-10 years,Agree,Agree,Agree,Strongly agree,Strongly agree,Disagree,Agree,Agree,Agree,Strongly agree,Strongly agree,Agree,Strongly agree,Agree,Strongly agree,Agree,Strongly agree,Strongly agree,Agree,Strongly agree
2026/05/13 01:59:00 AM GMT+1,Female,30-39,Teaching,Less than 5 years,Neutral,Agree,Agree,Strongly agree,Strongly agree,Strongly agree,Strongly agree,Agree,Strongly agree,Agree,Agree,Neutral,Strongly agree,Strongly agree,Agree,Strongly disagree,Strongly agree,Strongly disagree,Strongly agree,Strongly agree
2026/06/12 06:50:00 PM GMT+1,Male,30-39,Non teaching,11-15 years,Agree,Neutral,Strongly agree,Strongly agree,Agree,Strongly agree,Disagree,Agree,Strongly agree,Strongly agree,Neutral,Strongly agree,Agree,Agree,Neutral,Strongly agree,Neutral,Agree,Agree,Strongly agree
